<?xml version="1.0" encoding="utf-8"?>
<rss version="2.0" xmlns:atom="http://www.w3.org/2005/Atom">

  <channel>
     <title>Yan Holtz's Blog</title>
     <description>Yan Holtz's blog on data analytics and data visualization.</description>
     <link>https://www.yan-holtz.com/blog</link>




     <!-- BLOG: DATA TO VIZ -->
     <item>
       <title>From Data to Viz - A classification of graphics based on input data format</title>
       <description>Announcing a new project on data visualization: data-to-viz.com.</description>
       <link>file:///Users/yan/Desktop/Homepage/blog/dataToViz.html</link>
       <guid>file:///Users/yan/Desktop/Homepage/blog/dataToViz.html</guid>
       <pubDate>Sun, 19 May 2002 15:21:36 GMT</pubDate>
       <enclosure url="https://www.yan-holtz.com/img/portfolio/poster_sample.png" length="1221" type="png"/>
     </item>



  </channel>

</rss>
